<?xml version="1.0" encoding="UTF-8"?>
<project-private xmlns="http://www.netbeans.org/ns/project-private/1">
    <editor-bookmarks xmlns="http://www.netbeans.org/ns/editor-bookmarks/2" lastBookmarkId="1">
        <file>
            <url>src/cursinho_miniagua/CursinhoPrinc_MiniAgua.java</url>
            <bookmark id="1">
                <name/>
                <line>18</line>
                <key/>
            </bookmark>
        </file>
    </editor-bookmarks>
    <open-files xmlns="http://www.netbeans.org/ns/projectui-open-files/2">
        <group>
            <file>file:/C:/Users/Sibele/Documents/NetBeansProjects/Cursinho_MiniAgua1/src/cursinho_miniagua/InicioCurso_MiniAgua.java</file>
            <file>file:/C:/Users/Sibele/Documents/NetBeansProjects/Cursinho_MiniAgua1/src/cursinho_miniagua/ListaCurso_MiniAgua.java</file>
            <file>file:/C:/Users/Sibele/Documents/NetBeansProjects/Cursinho_MiniAgua1/src/cursinho_miniagua/ListaInicioCurso_MiniAgua.java</file>
            <file>file:/C:/Users/Sibele/Documents/NetBeansProjects/Cursinho_MiniAgua1/src/cursinho_miniagua/NovoCurso_MiniAgua.java</file>
            <file>file:/C:/Users/Sibele/Documents/NetBeansProjects/Cursinho_MiniAgua1/src/cursinho_miniagua/CursinhoPrinc_MiniAgua.java</file>
        </group>
    </open-files>
</project-private>
